{
  "features": [
    "Monthly Income",
    "Financial Aid",
    "Food",
    "Transportation",
    "Entertainment",
    "Personal Care",
    "Technology",
    "Health & Wellness",
    "Misc"
  ],
  "coefficients": [
    -4.527155308168109,
    -4.399272674557078,
    1.6289958219889837,
    0.7458840188323462,
    0.46427026012642847,
    0.33861747036063755,
    1.249187849839078,
    0.8813676194128193,
    1.1962375824209341
  ],
  "intercept": -4.4063124651610615,
  "scaler_mean": [
    1071.3974522292995,
    539.3885350318471,
    253.38853503184714,
    126.18471337579618,
    86.20127388535032,
    61.34394904458599,
    178.31974522292992,
    114.95286624203821,
    85.92515923566879
  ],
  "scaler_scale": [
    331.16678114838754,
    317.91951570685404,
    85.31496158999472,
    44.00139280598844,
    37.56333418122434,
    22.532104025003566,
    69.8257589754354,
    48.80108143381146,
    57.83804855493859
  ]
}